n,Network Configuration,Realization,Objective (Exact Approach),RelMIPGap (Exact Approach),Objective (Matheuristic)
150,V1,1,3902.06,0.284583,3584.76
150,V2,2,3851.35,0.222285,3409.77
150,V3,3,3689.28,0.218099,3493.99
150,V4,4,4009.1,0.257578,3324.23
150,V5,5,3807.26,0.216892,3643.27
200,V1,1,,,4529.42
200,V2,2,,,4700.62
200,V3,3,,,4191.14
200,V4,4,,,4196.87
200,V5,5,,,4451.84
