n,Network Configuration,Realization,Objective (Exact Approach),RelMIPGap (Exact Approach),Objective (Matheuristic)
150,V1,1,2070.6,0.236844,1997.77
150,V2,2,1967.19,0.191051,1869.3
150,V3,3,2061.53,0.192647,1926.85
150,V4,4,1958.08,0.203672,1852.08
150,V5,5,1918.61,0.201481,1895.55
200,V1,1,,,2538.47
200,V2,2,,,2571.01
200,V3,3,,,2554.58
200,V4,4,,,2470.56
200,V5,5,,,3266.84
